{
  "overall": {
    "adhh": {
      "count": 2091540,
      "scaled_count": 1777009,
      "near_zero_count": 1777009,
      "min_scale": 0.0,
      "max_scale": 1.0,
      "mean_scale": 0.15038249328246173,
      "mean_suppression": 0.8496175067175382,
      "mean_text_mass": 0.6933665368080422,
      "scaled_rate": 0.8496175067175382,
      "near_zero_rate": 0.8496175067175382
    }
  },
  "by_head": {
    "13-8": {
      "layer": 13,
      "head": 8,
      "mode": "adhh",
      "head_score": 1.0,
      "count": 104577,
      "scaled_count": 94004,
      "near_zero_count": 94004,
      "min_scale": 0.0,
      "max_scale": 1.0,
      "mean_scale": 0.10110253688669593,
      "mean_suppression": 0.8988974631133041,
      "mean_text_mass": 0.6795521021944847,
      "scaled_rate": 0.8988974631133041,
      "near_zero_rate": 0.8988974631133041
    },
    "14-20": {
      "layer": 14,
      "head": 20,
      "mode": "adhh",
      "head_score": 1.0,
      "count": 104577,
      "scaled_count": 90266,
      "near_zero_count": 90266,
      "min_scale": 0.0,
      "max_scale": 1.0,
      "mean_scale": 0.1368465341327443,
      "mean_suppression": 0.8631534658672557,
      "mean_text_mass": 0.6770108550701763,
      "scaled_rate": 0.8631534658672557,
      "near_zero_rate": 0.8631534658672557
    },
    "15-11": {
      "layer": 15,
      "head": 11,
      "mode": "adhh",
      "head_score": 1.0,
      "count": 104577,
      "scaled_count": 103610,
      "near_zero_count": 103610,
      "min_scale": 0.0,
      "max_scale": 1.0,
      "mean_scale": 0.009246775103512244,
      "mean_suppression": 0.9907532248964878,
      "mean_text_mass": 0.8002041343116196,
      "scaled_rate": 0.9907532248964878,
      "near_zero_rate": 0.9907532248964878
    },
    "15-25": {
      "layer": 15,
      "head": 25,
      "mode": "adhh",
      "head_score": 1.0,
      "count": 104577,
      "scaled_count": 75002,
      "near_zero_count": 75002,
      "min_scale": 0.0,
      "max_scale": 1.0,
      "mean_scale": 0.28280597072013924,
      "mean_suppression": 0.7171940292798608,
      "mean_text_mass": 0.5762809204724888,
      "scaled_rate": 0.7171940292798608,
      "near_zero_rate": 0.7171940292798608
    },
    "16-9": {
      "layer": 16,
      "head": 9,
      "mode": "adhh",
      "head_score": 1.0,
      "count": 104577,
      "scaled_count": 78113,
      "near_zero_count": 78113,
      "min_scale": 0.0,
      "max_scale": 1.0,
      "mean_scale": 0.2530575556766784,
      "mean_suppression": 0.7469424443233216,
      "mean_text_mass": 0.5924417121159337,
      "scaled_rate": 0.7469424443233216,
      "near_zero_rate": 0.7469424443233216
    },
    "16-3": {
      "layer": 16,
      "head": 3,
      "mode": "adhh",
      "head_score": 1.0,
      "count": 104577,
      "scaled_count": 77781,
      "near_zero_count": 77781,
      "min_scale": 0.0,
      "max_scale": 1.0,
      "mean_scale": 0.25623224992111077,
      "mean_suppression": 0.7437677500788893,
      "mean_text_mass": 0.5655148684712314,
      "scaled_rate": 0.7437677500788893,
      "near_zero_rate": 0.7437677500788893
    },
    "17-28": {
      "layer": 17,
      "head": 28,
      "mode": "adhh",
      "head_score": 1.0,
      "count": 104577,
      "scaled_count": 90249,
      "near_zero_count": 90249,
      "min_scale": 0.0,
      "max_scale": 1.0,
      "mean_scale": 0.13700909377779052,
      "mean_suppression": 0.8629909062222094,
      "mean_text_mass": 0.6312302897714386,
      "scaled_rate": 0.8629909062222094,
      "near_zero_rate": 0.8629909062222094
    },
    "19-16": {
      "layer": 19,
      "head": 16,
      "mode": "adhh",
      "head_score": 1.0,
      "count": 104577,
      "scaled_count": 93745,
      "near_zero_count": 93745,
      "min_scale": 0.0,
      "max_scale": 1.0,
      "mean_scale": 0.10357918089063561,
      "mean_suppression": 0.8964208191093644,
      "mean_text_mass": 0.6678611956507489,
      "scaled_rate": 0.8964208191093644,
      "near_zero_rate": 0.8964208191093644
    },
    "19-18": {
      "layer": 19,
      "head": 18,
      "mode": "adhh",
      "head_score": 1.0,
      "count": 104577,
      "scaled_count": 78548,
      "near_zero_count": 78548,
      "min_scale": 0.0,
      "max_scale": 1.0,
      "mean_scale": 0.24889794122990716,
      "mean_suppression": 0.7511020587700928,
      "mean_text_mass": 0.6276880173435258,
      "scaled_rate": 0.7511020587700928,
      "near_zero_rate": 0.7511020587700928
    },
    "19-27": {
      "layer": 19,
      "head": 27,
      "mode": "adhh",
      "head_score": 1.0,
      "count": 104577,
      "scaled_count": 82899,
      "near_zero_count": 82899,
      "min_scale": 0.0,
      "max_scale": 1.0,
      "mean_scale": 0.2072922344301328,
      "mean_suppression": 0.7927077655698672,
      "mean_text_mass": 0.6516668382680383,
      "scaled_rate": 0.7927077655698672,
      "near_zero_rate": 0.7927077655698672
    },
    "20-20": {
      "layer": 20,
      "head": 20,
      "mode": "adhh",
      "head_score": 1.0,
      "count": 104577,
      "scaled_count": 95273,
      "near_zero_count": 95273,
      "min_scale": 0.0,
      "max_scale": 1.0,
      "mean_scale": 0.08896793750059764,
      "mean_suppression": 0.9110320624994024,
      "mean_text_mass": 0.708288663024809,
      "scaled_rate": 0.9110320624994024,
      "near_zero_rate": 0.9110320624994024
    },
    "23-18": {
      "layer": 23,
      "head": 18,
      "mode": "adhh",
      "head_score": 1.0,
      "count": 104577,
      "scaled_count": 79761,
      "near_zero_count": 79761,
      "min_scale": 0.0,
      "max_scale": 1.0,
      "mean_scale": 0.2372988324392553,
      "mean_suppression": 0.7627011675607447,
      "mean_text_mass": 0.5884431933666354,
      "scaled_rate": 0.7627011675607447,
      "near_zero_rate": 0.7627011675607447
    },
    "26-4": {
      "layer": 26,
      "head": 4,
      "mode": "adhh",
      "head_score": 1.0,
      "count": 104577,
      "scaled_count": 84079,
      "near_zero_count": 84079,
      "min_scale": 0.0,
      "max_scale": 1.0,
      "mean_scale": 0.1960086825975119,
      "mean_suppression": 0.8039913174024881,
      "mean_text_mass": 0.6469552183830181,
      "scaled_rate": 0.8039913174024881,
      "near_zero_rate": 0.8039913174024881
    },
    "28-25": {
      "layer": 28,
      "head": 25,
      "mode": "adhh",
      "head_score": 1.0,
      "count": 104577,
      "scaled_count": 84863,
      "near_zero_count": 84863,
      "min_scale": 0.0,
      "max_scale": 1.0,
      "mean_scale": 0.18851181426126204,
      "mean_suppression": 0.8114881857387379,
      "mean_text_mass": 0.6782960357056114,
      "scaled_rate": 0.8114881857387379,
      "near_zero_rate": 0.8114881857387379
    },
    "29-15": {
      "layer": 29,
      "head": 15,
      "mode": "adhh",
      "head_score": 1.0,
      "count": 104577,
      "scaled_count": 98435,
      "near_zero_count": 98435,
      "min_scale": 0.0,
      "max_scale": 1.0,
      "mean_scale": 0.058731843521998145,
      "mean_suppression": 0.9412681564780019,
      "mean_text_mass": 0.7833927038944128,
      "scaled_rate": 0.9412681564780019,
      "near_zero_rate": 0.9412681564780019
    },
    "29-10": {
      "layer": 29,
      "head": 10,
      "mode": "adhh",
      "head_score": 1.0,
      "count": 104577,
      "scaled_count": 87637,
      "near_zero_count": 87637,
      "min_scale": 0.0,
      "max_scale": 1.0,
      "mean_scale": 0.1619859051225413,
      "mean_suppression": 0.8380140948774587,
      "mean_text_mass": 0.6899134227569897,
      "scaled_rate": 0.8380140948774587,
      "near_zero_rate": 0.8380140948774587
    },
    "31-27": {
      "layer": 31,
      "head": 27,
      "mode": "adhh",
      "head_score": 1.0,
      "count": 104577,
      "scaled_count": 104570,
      "near_zero_count": 104570,
      "min_scale": 0.0,
      "max_scale": 1.0,
      "mean_scale": 6.693632443080218e-05,
      "mean_suppression": 0.9999330636755692,