{
  "summary_file": "results_l9_l16_new/coco/llava-v1.5-7b_base_original_qa_n500_txtattn_l9_l16_allheads/txtattn_summary.json",
  "head_file": "results_l9_l16_new/coco/llava-v1.5-7b_base_original_qa_n500_txtattn_l9_l16_allheads/surrogate_score_zoo/ranked_heads_global__itext_all__C_toi_HminusG_signed.json",
  "topk": 100,
  "topk_list": [
    20,
    50,
    100
  ],
  "num_heads_total": 256,
  "num_heads_used": 100,
  "method": "selected_head_all_q75_q50_ratio",
  "calibration_bucket": "all",
  "calibration_scope": "selected_head",
  "hi_quantile": "q75",
  "lo_quantile": "q50",
  "ratio_definition": "I_text / (I_text + image_attn + eps), approximated from per-head bucket means in txtattn_summary.json",
  "recommended_tau_hi": 0.92,
  "recommended_tau_hi_str": "0.92",
  "recommended_tau_lo": 0.86,
  "recommended_tau_lo_str": "0.86",
  "recommended_tau": 0.92,
  "recommended_tau_str": "0.92",
  "round_step": 0.01,
  "round_mode": "floor",
  "selected_head_ratio_stats": {
    "all": {
      "count": 100,
      "mean": 0.8268544098593531,
      "q25": 0.7562007455370381,
      "q33": 0.8058522067271279,
      "q50": 0.8693639547779233,
      "q66": 0.9091111009668271,
      "q75": 0.9298200299744536,
      "q90": 0.9546378189495868
    },
    "object": {
      "count": 100,
      "mean": 0.824247582719482,
      "q25": 0.7371214593261476,
      "q33": 0.811718701072975,
      "q50": 0.872041918020065,
      "q66": 0.9090813906657148,
      "q75": 0.9344437283871752,
      "q90": 0.9668254979988673
    },
    "hallucinated": {
      "count": 100,
      "mean": 0.8562516728337292,
      "q25": 0.7978545220083672,
      "q33": 0.8429690718880254,
      "q50": 0.893131051081575,
      "q66": 0.9288720191324121,
      "q75": 0.9448082534546861,
      "q90": 0.9732629052489261
    },
    "non_hallucinated": {
      "count": 100,
      "mean": 0.8173541299482647,
      "q25": 0.7337617479361146,
      "q33": 0.8091476835042327,
      "q50": 0.8617038790848905,
      "q66": 0.9057557642028863,
      "q75": 0.9304547107938937,
      "q90": 0.9646371952496278
    }
  },
  "selected_head_by_topk": {
    "20": {
      "topk": 20,
      "num_heads_used": 20,
      "ratio_stats": {
        "all": {
          "count": 20,
          "mean": 0.8657333858232654,
          "q25": 0.8150672490636819,
          "q33": 0.8297568402662268,
          "q50": 0.9059646479717085,
          "q66": 0.9541722402852086,
          "q75": 0.955717646028059,
          "q90": 0.9673477090885798
        },
        "object": {
          "count": 20,
          "mean": 0.8730930416988022,
          "q25": 0.8396873214223157,
          "q33": 0.8467597493066312,
          "q50": 0.9173166456729305,
          "q66": 0.9589444658037047,
          "q75": 0.9644339038673152,
          "q90": 0.9744528924628204
        },
        "hallucinated": {
          "count": 20,
          "mean": 0.9043760212580011,
          "q25": 0.8789617513730934,
          "q33": 0.8931327221433581,
          "q50": 0.9479860284435815,
          "q66": 0.9657748535277965,
          "q75": 0.9699316387255243,
          "q90": 0.9772006729971408
        },
        "non_hallucinated": {
          "count": 20,
          "mean": 0.8665305031537658,
          "q25": 0.8305959836923602,
          "q33": 0.836585947834827,
          "q50": 0.9125808373703468,
          "q66": 0.9578024258734524,
          "q75": 0.9623415804396575,
          "q90": 0.973908760105389
        }
      },
      "calibration": {
        "bucket": "all",
        "hi_quantile": "q75",
        "lo_quantile": "q50",
        "hi_raw": 0.955717646028059,
        "lo_raw": 0.9059646479717085,
        "tau_hi": 0.9500000000000001,
        "tau_hi_str": "0.95",
        "tau_lo": 0.9,
        "tau_lo_str": "0.90"
      }
    },
    "50": {
      "topk": 50,
      "num_heads_used": 50,
      "ratio_stats": {
        "all": {
          "count": 50,
          "mean": 0.8450100122831256,
          "q25": 0.7901165390819976,
          "q33": 0.8214233476795929,
          "q50": 0.8928215957749107,
          "q66": 0.922692072865307,
          "q75": 0.9484753392022893,
          "q90": 0.9588149156680503
        },
        "object": {
          "count": 50,
          "mean": 0.8508095802654225,
          "q25": 0.7795073098372549,
          "q33": 0.837094903652962,
          "q50": 0.8986035438412523,
          "q66": 0.9379580024287943,
          "q75": 0.9469706279125474,
          "q90": 0.9736830907903096
        },
        "hallucinated": {
          "count": 50,
          "mean": 0.8896030829474094,
          "q25": 0.846269780857959,
          "q33": 0.8732969797528479,
          "q50": 0.9176560812014314,
          "q66": 0.9554981107294844,
          "q75": 0.9625198427513572,
          "q90": 0.9765346558997894
        },
        "non_hallucinated": {
          "count": 50,
          "mean": 0.8427950884056713,
          "q25": 0.7675232405183994,
          "q33": 0.8268151732074435,
          "q50": 0.8935280692194391,
          "q66": 0.9345032041941311,
          "q75": 0.9444398314101173,
          "q90": 0.9730423184621211
        }
      },
      "calibration": {
        "bucket": "all",
        "hi_quantile": "q75",
        "lo_quantile": "q50",
        "hi_raw": 0.9484753392022893,
        "lo_raw": 0.8928215957749107,
        "tau_hi": 0.9400000000000001,
        "tau_hi_str": "0.94",
        "tau_lo": 0.89,
        "tau_lo_str": "0.89"
      }
    },
    "100": {
      "topk": 100,
      "num_heads_used": 100,
      "ratio_stats": {
        "all": {
          "count": 100,
          "mean": 0.8268544098593531,
          "q25": 0.7562007455370381,
          "q33": 0.8058522067271279,
          "q50": 0.8693639547779233,
          "q66": 0.9091111009668271,
          "q75": 0.9298200299744536,
          "q90": 0.9546378189495868
        },
        "object": {
          "count": 100,
          "mean": 0.824247582719482,
          "q25": 0.7371214593261476,
          "q33": 0.811718701072975,
          "q50": 0.872041918020065,
          "q66": 0.9090813906657148,
          "q75": 0.9344437283871752,
          "q90": 0.9668254979988673
        },
        "hallucinated": {
          "count": 100,
          "mean": 0.8562516728337292,
          "q25": 0.7978545220083672,
          "q33": 0.8429690718880254,
          "q50": 0.893131051081575,
          "q66": 0.9288720191324121,
          "q75": 0.9448082534546861,
          "q90": 0.9732629052489261
        },
        "non_hallucinated": {
          "count": 100,
          "mean": 0.8173541299482647,
          "q25": 0.7337617479361146,
          "q33": 0.8091476835042327,
          "q50": 0.8617038790848905,
          "q66": 0.9057557642028863,
          "q75": 0.9304547107938937,
          "q90": 0.9646371952496278
        }
      },
      "calibration": {
        "bucket": "all",
        "hi_quantile": "q75",
        "lo_quantile": "q50",
        "hi_raw": 0.9298200299744536,
        "lo_raw": 0.8693639547779233,
        "tau_hi": 0.92,
        "tau_hi_str": "0.92",
        "tau_lo": 0.86,
        "tau_lo_str": "0.86"
      }
    }
  },
  "all_head_ratio_stats": {
    "all": {
      "count": 256,
      "mean": 0.7929817838948439,
      "q25": 0.6986947184821873,
      "q33": 0.7388580173302961,
      "q50": 0.8248393472360751,
      "q66": 0.8913208621005662,
      "q75": 0.9095905542211521,
      "q90": 0.9539841796004545
    },
    "object": {
      "count": 256,
      "mean": 0.7849084302804724,
      "q25": 0.6780108500661254,
      "q33": 0.7325817953928921,
      "q50": 0.8218626071823018,
      "q66": 0.8844107193590088,
      "q75": 0.9093657972832172,
      "q90": 0.962962733928787
    },
    "hallucinated": {
      "count": 256,
      "mean": 0.8066832389440289,
      "q25": 0.7336874566932158,
      "q33": 0.7652295957468814,
      "q50": 0.8446299974790201,
      "q66": 0.8919603959168287,
      "q75": 0.9256210054468073,
      "q90": 0.9651200851304833
    },