{
  "overall": {
    "adhh": {
      "count": 323000,
      "scaled_count": 253304,
      "near_zero_count": 253304,
      "min_scale": 0.0,
      "max_scale": 1.0,
      "mean_scale": 0.21577708978328172,
      "mean_suppression": 0.7842229102167183,
      "mean_text_mass": 0.6427999325211942,
      "scaled_rate": 0.7842229102167183,
      "near_zero_rate": 0.7842229102167183
    }
  },
  "by_head": {
    "13-8": {
      "layer": 13,
      "head": 8,
      "mode": "adhh",
      "head_score": 1.0,
      "count": 16150,
      "scaled_count": 14523,
      "near_zero_count": 14523,
      "min_scale": 0.0,
      "max_scale": 1.0,
      "mean_scale": 0.10074303405572756,
      "mean_suppression": 0.8992569659442724,
      "mean_text_mass": 0.68483373258136,
      "scaled_rate": 0.8992569659442724,
      "near_zero_rate": 0.8992569659442724
    },
    "14-20": {
      "layer": 14,
      "head": 20,
      "mode": "adhh",
      "head_score": 1.0,
      "count": 16150,
      "scaled_count": 14493,
      "near_zero_count": 14493,
      "min_scale": 0.0,
      "max_scale": 1.0,
      "mean_scale": 0.10260061919504644,
      "mean_suppression": 0.8973993808049535,
      "mean_text_mass": 0.718035416263545,
      "scaled_rate": 0.8973993808049535,
      "near_zero_rate": 0.8973993808049535
    },
    "15-11": {
      "layer": 15,
      "head": 11,
      "mode": "adhh",
      "head_score": 1.0,
      "count": 16150,
      "scaled_count": 15950,
      "near_zero_count": 15950,
      "min_scale": 0.0,
      "max_scale": 1.0,
      "mean_scale": 0.01238390092879257,
      "mean_suppression": 0.9876160990712074,
      "mean_text_mass": 0.7935214299535603,
      "scaled_rate": 0.9876160990712074,
      "near_zero_rate": 0.9876160990712074
    },
    "15-25": {
      "layer": 15,
      "head": 25,
      "mode": "adhh",
      "head_score": 1.0,
      "count": 16150,
      "scaled_count": 10131,
      "near_zero_count": 10131,
      "min_scale": 0.0,
      "max_scale": 1.0,
      "mean_scale": 0.3726934984520124,
      "mean_suppression": 0.6273065015479876,
      "mean_text_mass": 0.5107471714078826,
      "scaled_rate": 0.6273065015479876,
      "near_zero_rate": 0.6273065015479876
    },
    "16-9": {
      "layer": 16,
      "head": 9,
      "mode": "adhh",
      "head_score": 1.0,
      "count": 16150,
      "scaled_count": 10196,
      "near_zero_count": 10196,
      "min_scale": 0.0,
      "max_scale": 1.0,
      "mean_scale": 0.3686687306501548,
      "mean_suppression": 0.6313312693498452,
      "mean_text_mass": 0.5089560590808975,
      "scaled_rate": 0.6313312693498452,
      "near_zero_rate": 0.6313312693498452
    },
    "16-3": {
      "layer": 16,
      "head": 3,
      "mode": "adhh",
      "head_score": 1.0,
      "count": 16150,
      "scaled_count": 12362,
      "near_zero_count": 12362,
      "min_scale": 0.0,
      "max_scale": 1.0,
      "mean_scale": 0.23455108359133128,
      "mean_suppression": 0.7654489164086687,
      "mean_text_mass": 0.6077856964961663,
      "scaled_rate": 0.7654489164086687,
      "near_zero_rate": 0.7654489164086687
    },
    "17-28": {
      "layer": 17,
      "head": 28,
      "mode": "adhh",
      "head_score": 1.0,
      "count": 16150,
      "scaled_count": 11963,
      "near_zero_count": 11963,
      "min_scale": 0.0,
      "max_scale": 1.0,
      "mean_scale": 0.25925696594427244,
      "mean_suppression": 0.7407430340557275,
      "mean_text_mass": 0.5575830172606666,
      "scaled_rate": 0.7407430340557275,
      "near_zero_rate": 0.7407430340557275
    },
    "19-16": {
      "layer": 19,
      "head": 16,
      "mode": "adhh",
      "head_score": 1.0,
      "count": 16150,
      "scaled_count": 12373,
      "near_zero_count": 12373,
      "min_scale": 0.0,
      "max_scale": 1.0,
      "mean_scale": 0.23386996904024768,
      "mean_suppression": 0.7661300309597523,
      "mean_text_mass": 0.5948207588313903,
      "scaled_rate": 0.7661300309597523,
      "near_zero_rate": 0.7661300309597523
    },
    "19-18": {
      "layer": 19,
      "head": 18,
      "mode": "adhh",
      "head_score": 1.0,
      "count": 16150,
      "scaled_count": 9652,
      "near_zero_count": 9652,
      "min_scale": 0.0,
      "max_scale": 1.0,
      "mean_scale": 0.4023529411764706,
      "mean_suppression": 0.5976470588235294,
      "mean_text_mass": 0.49588972333784076,
      "scaled_rate": 0.5976470588235294,
      "near_zero_rate": 0.5976470588235294
    },
    "19-27": {
      "layer": 19,
      "head": 27,
      "mode": "adhh",
      "head_score": 1.0,
      "count": 16150,
      "scaled_count": 11006,
      "near_zero_count": 11006,
      "min_scale": 0.0,
      "max_scale": 1.0,
      "mean_scale": 0.3185139318885449,
      "mean_suppression": 0.6814860681114551,
      "mean_text_mass": 0.5533889312271733,
      "scaled_rate": 0.6814860681114551,
      "near_zero_rate": 0.6814860681114551
    },
    "20-20": {
      "layer": 20,
      "head": 20,
      "mode": "adhh",
      "head_score": 1.0,
      "count": 16150,
      "scaled_count": 11974,
      "near_zero_count": 11974,
      "min_scale": 0.0,
      "max_scale": 1.0,
      "mean_scale": 0.25857585139318884,
      "mean_suppression": 0.7414241486068112,
      "mean_text_mass": 0.5860896440629989,
      "scaled_rate": 0.7414241486068112,
      "near_zero_rate": 0.7414241486068112
    },
    "23-18": {
      "layer": 23,
      "head": 18,
      "mode": "adhh",
      "head_score": 1.0,
      "count": 16150,
      "scaled_count": 9039,
      "near_zero_count": 9039,
      "min_scale": 0.0,
      "max_scale": 1.0,
      "mean_scale": 0.4403095975232198,
      "mean_suppression": 0.5596904024767801,
      "mean_text_mass": 0.46573869947309465,
      "scaled_rate": 0.5596904024767801,
      "near_zero_rate": 0.5596904024767801
    },
    "26-4": {
      "layer": 26,
      "head": 4,
      "mode": "adhh",
      "head_score": 1.0,
      "count": 16150,
      "scaled_count": 11697,
      "near_zero_count": 11697,
      "min_scale": 0.0,
      "max_scale": 1.0,
      "mean_scale": 0.27572755417956657,
      "mean_suppression": 0.7242724458204335,
      "mean_text_mass": 0.584639791010334,
      "scaled_rate": 0.7242724458204335,
      "near_zero_rate": 0.7242724458204335
    },
    "28-25": {
      "layer": 28,
      "head": 25,
      "mode": "adhh",
      "head_score": 1.0,
      "count": 16150,
      "scaled_count": 12062,
      "near_zero_count": 12062,
      "min_scale": 0.0,
      "max_scale": 1.0,
      "mean_scale": 0.2531269349845201,
      "mean_suppression": 0.7468730650154799,
      "mean_text_mass": 0.600159436984697,
      "scaled_rate": 0.7468730650154799,
      "near_zero_rate": 0.7468730650154799
    },
    "29-15": {
      "layer": 29,
      "head": 15,
      "mode": "adhh",
      "head_score": 1.0,
      "count": 16150,
      "scaled_count": 14563,
      "near_zero_count": 14563,
      "min_scale": 0.0,
      "max_scale": 1.0,
      "mean_scale": 0.09826625386996904,
      "mean_suppression": 0.901733746130031,
      "mean_text_mass": 0.7289428408596169,
      "scaled_rate": 0.901733746130031,
      "near_zero_rate": 0.901733746130031
    },
    "29-10": {
      "layer": 29,
      "head": 10,
      "mode": "adhh",
      "head_score": 1.0,
      "count": 16150,
      "scaled_count": 13136,
      "near_zero_count": 13136,
      "min_scale": 0.0,
      "max_scale": 1.0,
      "mean_scale": 0.18662538699690404,
      "mean_suppression": 0.813374613003096,
      "mean_text_mass": 0.6635300452642765,
      "scaled_rate": 0.813374613003096,
      "near_zero_rate": 0.813374613003096
    },
    "31-27": {
      "layer": 31,
      "head": 27,
      "mode": "adhh",
      "head_score": 1.0,
      "count": 16150,
      "scaled_count": 16115,
      "near_zero_count": 16115,
      "min_scale": 0.0,
      "max_scale": 1.0,
      "mean_scale": 0.0021671826625387,
      "mean_suppression": 0.9978328173374613,
      "mean_text_mass": 0.9678198582321498,