{
  "overall": {
    "total": {
      "count": 218,
      "score": 30.871559633027523,
      "delta_vs_baseline": 0.09174311926605498
    }
  },
  "by_capability": {
    "gen": {
      "count": 80,
      "score": 19.5,
      "delta_vs_baseline": -1.0000000000000002
    },
    "know": {
      "count": 84,
      "score": 17.142857142857142,
      "delta_vs_baseline": -0.47619047619047633
    },
    "math": {
      "count": 26,
      "score": 7.6923076923076925,
      "delta_vs_baseline": 0.0
    },
    "ocr": {
      "count": 96,
      "score": 22.5,
      "delta_vs_baseline": -0.20833333333333345
    },
    "rec": {
      "count": 150,
      "score": 35.400000000000006,
      "delta_vs_baseline": -0.2000000000000001
    },
    "spat": {
      "count": 75,
      "score": 28.000000000000004,
      "delta_vs_baseline": 1.6
    }
  },
  "by_capability_combo": {
    "gen+know+ocr+rec": {
      "count": 8,
      "score": 15.0,
      "delta_vs_baseline": -3.7500000000000004
    },
    "gen+know+rec": {
      "count": 62,
      "score": 17.096774193548388,
      "delta_vs_baseline": -0.32258064516129037
    },
    "gen+ocr+rec+spat": {
      "count": 8,
      "score": 40.0,
      "delta_vs_baseline": -5.000000000000001
    },
    "gen+ocr+spat": {
      "count": 2,
      "score": 30.0,
      "delta_vs_baseline": 4.999999999999999
    },
    "know+ocr+spat": {
      "count": 3,
      "score": 33.33333333333333,
      "delta_vs_baseline": 0.0
    },
    "know+rec": {
      "count": 9,
      "score": 17.77777777777778,
      "delta_vs_baseline": 1.1111111111111112
    },
    "know+rec+spat": {
      "count": 2,
      "score": 0.0,
      "delta_vs_baseline": 0.0
    },
    "math+ocr": {
      "count": 11,
      "score": 0.0,
      "delta_vs_baseline": 0.0
    },
    "math+ocr+rec+spat": {
      "count": 1,
      "score": 0.0,
      "delta_vs_baseline": 0.0
    },
    "math+ocr+spat": {
      "count": 14,
      "score": 14.285714285714285,
      "delta_vs_baseline": 0.0
    },
    "ocr": {
      "count": 12,
      "score": 45.0,
      "delta_vs_baseline": -0.8333333333333331
    },
    "ocr+rec": {
      "count": 4,
      "score": 50.0,
      "delta_vs_baseline": 0.0
    },
    "ocr+rec+spat": {
      "count": 7,
      "score": 14.285714285714285,
      "delta_vs_baseline": 0.0
    },
    "ocr+spat": {
      "count": 26,
      "score": 20.0,
      "delta_vs_baseline": 1.9230769230769231
    },
    "rec": {
      "count": 37,
      "score": 68.91891891891892,
      "delta_vs_baseline": -1.3513513513513513
    },
    "rec+spat": {
      "count": 12,
      "score": 66.66666666666666,
      "delta_vs_baseline": 8.333333333333332
    }
  },
  "by_answer_operator": {
    "and": {
      "count": 11,
      "score": 18.181818181818183,
      "delta_vs_baseline": 9.090909090909092
    },
    "or": {
      "count": 26,
      "score": 15.384615384615385,
      "delta_vs_baseline": 3.8461538461538463
    },
    "single": {
      "count": 181,
      "score": 33.86740331491713,
      "delta_vs_baseline": -0.9944751381215471
    }
  },
  "by_imagesource": {
    "ChestX-ray14": {
      "count": 3,
      "score": 3.3333333333333335,
      "delta_vs_baseline": 3.3333333333333335
    },
    "vcr2542": {
      "count": 1,
      "score": 0.0,
      "delta_vs_baseline": 0.0
    },
    "vcr2557": {
      "count": 1,
      "score": 100.0,
      "delta_vs_baseline": 30.000000000000004
    },
    "vcr2590": {
      "count": 1,
      "score": 0.0,
      "delta_vs_baseline": -90.0
    },
    "vcr3005": {
      "count": 1,
      "score": 0.0,
      "delta_vs_baseline": 0.0
    },
    "vcr3026": {
      "count": 1,
      "score": 100.0,
      "delta_vs_baseline": 0.0
    },
    "vcr3065": {
      "count": 1,
      "score": 0.0,
      "delta_vs_baseline": 0.0
    },
    "vcr3076": {
      "count": 1,
      "score": 70.0,
      "delta_vs_baseline": -20.000000000000007
    },
    "vcr3103": {
      "count": 1,
      "score": 100.0,
      "delta_vs_baseline": 0.0
    },
    "vcr3130": {
      "count": 1,
      "score": 0.0,
      "delta_vs_baseline": 0.0
    },
    "vcr3180": {
      "count": 1,
      "score": 100.0,
      "delta_vs_baseline": 0.0
    },
    "web": {
      "count": 205,
      "score": 30.48780487804878,
      "delta_vs_baseline": 0.4390243902439024
    }
  }
}