{
  "current": "results_l9_l16_new/coco/llava-v1.5-7b_late_boost_ratio_exp_file_k100_s1.0_q10.0_tau0.95_p1.0_redirnone_norenorm_latelinear0-128tau0.80_n500_global__itext_all__C_toi_HminusG_signed/captions.jsonl",
  "current_count": 65,
  "current_unique_ids": 65,
  "current_skipped_lines": 0,
  "metrics": {
    "current": {
      "n": 65,
      "CHAIRs": 0.3384615384615385,
      "CHAIRi": 0.08286252354048965,
      "ObjectPrecision": 0.8348623853211009,
      "ObjectRecall": 0.7520661157024794,
      "ObjectF1": 0.7913043478260869,
      "object_pred_total": 218,
      "object_gt_total": 242,
      "skipped_lines": 0
    },
    "base": {
      "n": 65,
      "CHAIRs": 0.46153846153846156,
      "CHAIRi": 0.13277310924369748,
      "ObjectPrecision": 0.7565543071161048,
      "ObjectRecall": 0.8347107438016529,
      "ObjectF1": 0.7937131630648331,
      "object_pred_total": 267,
      "object_gt_total": 242,
      "skipped_lines": 0
    },
    "adhh_k20": {
      "n": 65,
      "CHAIRs": 0.4461538461538462,
      "CHAIRi": 0.13584288052373159,
      "ObjectPrecision": 0.7490196078431373,
      "ObjectRecall": 0.7892561983471075,
      "ObjectF1": 0.7686116700201207,
      "object_pred_total": 255,
      "object_gt_total": 242,
      "skipped_lines": 0
    },
    "dyn_q8_tau90": {
      "n": 65,
      "CHAIRs": 0.36923076923076925,
      "CHAIRi": 0.08969465648854962,
      "ObjectPrecision": 0.8280542986425339,
      "ObjectRecall": 0.756198347107438,
      "ObjectF1": 0.7904967602591793,
      "object_pred_total": 221,
      "object_gt_total": 242,
      "skipped_lines": 0
    },
    "dyn_q10_tau90": {
      "n": 65,
      "CHAIRs": 0.3384615384615385,
      "CHAIRi": 0.08022388059701492,
      "ObjectPrecision": 0.8363636363636363,
      "ObjectRecall": 0.7603305785123967,
      "ObjectF1": 0.7965367965367965,
      "object_pred_total": 220,
      "object_gt_total": 242,
      "skipped_lines": 0
    },
    "late_q10_90to80": {
      "n": 65,
      "CHAIRs": 0.3384615384615385,
      "CHAIRi": 0.09107468123861566,
      "ObjectPrecision": 0.8222222222222222,
      "ObjectRecall": 0.7644628099173554,
      "ObjectF1": 0.7922912205567451,
      "object_pred_total": 225,
      "object_gt_total": 242,
      "skipped_lines": 0
    },
    "late_q10_90to82": {
      "n": 65,
      "CHAIRs": 0.3230769230769231,
      "CHAIRi": 0.08743169398907104,
      "ObjectPrecision": 0.8237885462555066,
      "ObjectRecall": 0.7727272727272727,
      "ObjectF1": 0.7974413646055437,
      "object_pred_total": 227,
      "object_gt_total": 242,
      "skipped_lines": 0
    },
    "late_q8_90to80": {
      "n": 65,
      "CHAIRs": 0.35384615384615387,
      "CHAIRi": 0.09523809523809523,
      "ObjectPrecision": 0.8169642857142857,
      "ObjectRecall": 0.756198347107438,
      "ObjectF1": 0.7854077253218883,
      "object_pred_total": 224,
      "object_gt_total": 242,
      "skipped_lines": 0
    },
    "late_q8_90to82": {
      "n": 65,
      "CHAIRs": 0.35384615384615387,
      "CHAIRi": 0.09611829944547134,
      "ObjectPrecision": 0.8114035087719298,
      "ObjectRecall": 0.7644628099173554,
      "ObjectF1": 0.7872340425531914,
      "object_pred_total": 228,
      "object_gt_total": 242,
      "skipped_lines": 0
    },
    "late_q10_95to88": {
      "n": 65,
      "CHAIRs": 0.3384615384615385,
      "CHAIRi": 0.09411764705882353,
      "ObjectPrecision": 0.820627802690583,
      "ObjectRecall": 0.756198347107438,
      "ObjectF1": 0.7870967741935484,
      "object_pred_total": 223,
      "object_gt_total": 242,
      "skipped_lines": 0
    }
  },
  "pairwise_vs_current": {
    "base": {
      "counts": {
        "current_worse": 5,
        "current_better": 13,
        "both_hall": 17,
        "both_clean": 30
      },
      "ids": {
        "current_worse": [
          359239,
          540642,
          189775,
          489743,
          14321
        ],
        "current_better": [
          230008,
          438024,
          378096,
          225225,
          7281,
          85543,
          27982,
          381213,
          458073,
          324155,
          41633,
          256973,
          473994
        ],
        "both_hall": [
          245447,
          325992,
          320180,
          356424,
          206218,
          525211,
          308555,
          51028,
          369082,
          134133,
          570107,
          462756,
          268390,
          10928,
          435922,
          405534,
          540502
        ],
        "both_clean": [
          519055,
          527447,
          153976,
          326317,
          378098,
          74617,
          209782,
          12192,
          482951,
          414236,
          495578,
          109005,
          542423,
          78194,
          397101,
          532503,
          480551,
          105552,
          338905,
          462643,
          416335,
          156372,
          223554,
          101636,
          51157,
          38155,
          414289,
          542487,
          96762,
          38438
        ]
      }
    },
    "adhh_k20": {
      "counts": {
        "current_worse": 3,
        "current_better": 10,
        "both_hall": 19,
        "both_clean": 33
      },
      "ids": {
        "current_worse": [
          189775,
          489743,
          14321
        ],
        "current_better": [
          153976,
          378096,
          7281,
          85543,
          27982,
          381213,
          458073,
          324155,
          41633,
          256973
        ],
        "both_hall": [
          245447,
          359239,
          325992,
          320180,
          356424,
          206218,
          525211,
          308555,
          51028,
          540642,
          369082,
          134133,
          570107,
          462756,
          268390,
          10928,
          435922,
          405534,
          540502
        ],
        "both_clean": [
          230008,
          519055,
          527447,
          326317,
          378098,
          74617,
          209782,
          438024,
          225225,
          12192,
          482951,
          414236,
          495578,
          109005,
          542423,
          78194,
          397101,
          532503,
          480551,
          105552,
          338905,
          462643,
          416335,
          156372,
          223554,
          101636,
          51157,
          38155,
          414289,
          473994,
          542487,
          96762,
          38438
        ]
      }
    },
    "dyn_q8_tau90": {
      "counts": {
        "current_worse": 1,
        "current_better": 3,
        "both_hall": 21,
        "both_clean": 40
      },
      "ids": {
        "current_worse": [
          489743
        ],
        "current_better": [
          438024,
          27982,
          458073
        ],
        "both_hall": [
          245447,
          359239,
          325992,
          320180,
          356424,
          206218,
          525211,
          308555,
          51028,
          540642,
          189775,
          369082,
          134133,
          570107,
          462756,
          268390,
          10928,
          14321,
          435922,
          405534,
          540502
        ],