{
  "current": "results_l9_l16_new/coco/llava-v1.5-7b_late_boost_ratio_exp_file_k100_s1.0_q10.0_tau0.95_p1.0_redirnone_norenorm_latelinear0-128tau0.88_n500_global__itext_all__C_toi_HminusG_signed/captions.jsonl",
  "current_count": 92,
  "current_unique_ids": 92,
  "current_skipped_lines": 0,
  "metrics": {
    "current": {
      "n": 92,
      "CHAIRs": 0.391304347826087,
      "CHAIRi": 0.09899569583931134,
      "ObjectPrecision": 0.8108108108108109,
      "ObjectRecall": 0.7079646017699115,
      "ObjectF1": 0.7559055118110237,
      "object_pred_total": 296,
      "object_gt_total": 339,
      "skipped_lines": 0
    },
    "base": {
      "n": 92,
      "CHAIRs": 0.4673913043478261,
      "CHAIRi": 0.13451776649746192,
      "ObjectPrecision": 0.7642045454545454,
      "ObjectRecall": 0.7935103244837758,
      "ObjectF1": 0.7785817655571635,
      "object_pred_total": 352,
      "object_gt_total": 339,
      "skipped_lines": 0
    },
    "late_090_082": {
      "n": 92,
      "CHAIRs": 0.34782608695652173,
      "CHAIRi": 0.09472259810554803,
      "ObjectPrecision": 0.8209459459459459,
      "ObjectRecall": 0.7168141592920354,
      "ObjectF1": 0.7653543307086613,
      "object_pred_total": 296,
      "object_gt_total": 339,
      "skipped_lines": 0
    },
    "dynamic_norenorm": {
      "n": 92,
      "CHAIRs": 0.3804347826086957,
      "CHAIRi": 0.09366391184573003,
      "ObjectPrecision": 0.8271186440677966,
      "ObjectRecall": 0.7197640117994101,
      "ObjectF1": 0.7697160883280757,
      "object_pred_total": 295,
      "object_gt_total": 339,
      "skipped_lines": 0
    },
    "redirvision": {
      "n": 92,
      "CHAIRs": 0.2717391304347826,
      "CHAIRi": 0.0770392749244713,
      "ObjectPrecision": 0.8528301886792453,
      "ObjectRecall": 0.6666666666666666,
      "ObjectF1": 0.7483443708609271,
      "object_pred_total": 265,
      "object_gt_total": 339,
      "skipped_lines": 0
    }
  },
  "pairwise_vs_current": {
    "base": {
      "counts": {
        "current_worse": 8,
        "current_better": 15,
        "both_hall": 28,
        "both_clean": 41
      },
      "ids": {
        "current_worse": [
          359239,
          540642,
          78194,
          189775,
          489743,
          115749,
          465552,
          500703
        ],
        "current_better": [
          230008,
          438024,
          378096,
          225225,
          7281,
          85543,
          381213,
          458073,
          324155,
          41633,
          134133,
          256973,
          473994,
          532963,
          542782
        ],
        "both_hall": [
          245447,
          325992,
          320180,
          356424,
          206218,
          525211,
          308555,
          27982,
          51028,
          369082,
          570107,
          462756,
          268390,
          10928,
          435922,
          405534,
          540502,
          312103,
          506614,
          340047,
          439854,
          27935,
          331223,
          208808,
          418854,
          352234,
          494182,
          278032
        ],
        "both_clean": [
          519055,
          527447,
          153976,
          326317,
          378098,
          74617,
          209782,
          12192,
          482951,
          414236,
          495578,
          109005,
          542423,
          397101,
          532503,
          480551,
          105552,
          338905,
          462643,
          416335,
          156372,
          223554,
          101636,
          51157,
          38155,
          414289,
          14321,
          542487,
          96762,
          38438,
          563730,
          518163,
          292188,
          113678,
          557595,
          536158,
          550643,
          435937,
          418219,
          298137,
          189203
        ]
      }
    },
    "late_090_082": {
      "counts": {
        "current_worse": 7,
        "current_better": 3,
        "both_hall": 29,
        "both_clean": 53
      },
      "ids": {
        "current_worse": [
          206218,
          27982,
          78194,
          489743,
          439854,
          27935,
          418854
        ],
        "current_better": [
          458073,
          134133,
          256973
        ],
        "both_hall": [
          245447,
          359239,
          325992,
          320180,
          356424,
          525211,
          308555,
          51028,
          540642,
          189775,
          369082,
          570107,
          462756,
          268390,
          10928,
          435922,
          405534,
          540502,
          115749,
          312103,
          506614,
          340047,
          331223,
          208808,
          465552,
          352234,
          500703,
          494182,
          278032
        ],
        "both_clean": [
          230008,
          519055,
          527447,
          153976,
          326317,
          378098,
          74617,
          209782,
          438024,
          378096,
          225225,
          7281,
          85543,
          12192,
          482951,
          414236,
          495578,
          109005,
          542423,
          397101,
          532503,
          480551,
          381213,
          105552,
          338905,
          324155,
          462643,
          416335,
          41633,
          156372,
          223554,
          101636,
          51157,
          38155,
          414289,
          473994,
          14321,
          542487,
          96762,
          38438,
          563730,
          532963,
          518163,
          292188,
          113678,
          557595,
          536158,
          550643,
          542782,
          435937,
          418219,
          298137,
          189203
        ]
      }
    },
    "dynamic_norenorm": {
      "counts": {
        "current_worse": 3,
        "current_better": 2,
        "both_hall": 33,
        "both_clean": 54
      },
      "ids": {
        "current_worse": [
          78194,
          489743,
          27935
        ],
        "current_better": [
          134133,
          14321
        ],
        "both_hall": [
          245447,
          359239,
          325992,
          320180,
          356424,
          206218,
          525211,
          308555,
          27982,
          51028,
          540642,
          189775,
          369082,
          570107,
          462756,
          268390,
          10928,
          435922,
          405534,
          540502,
          115749,
          312103,
          506614,
          340047,
          439854,
          331223,
          208808,
          465552,
          418854,
          352234,
          500703,
          494182,
          278032
        ],
        "both_clean": [
          230008,
          519055,
          527447,
          153976,
          326317,
          378098,
          74617,
          209782,
          438024,
          378096,
          225225,
          7281,
          85543,
          12192,
          482951,
          414236,
          495578,
          109005,
          542423,
          397101,
          532503,
          480551,
          381213,
          458073,
          105552,
          338905,
          324155,
          462643,
          416335,
          41633,
          156372,
          223554,
          101636,
          51157,
          38155,
          414289,
          256973,
          473994,
          542487,
          96762,
          38438,
          563730,
          532963,
          518163,
          292188,
          113678,
          557595,
          536158,
          550643,
          542782,
          435937,
          418219,
          298137,
          189203
        ]
      }
    },
    "redirvision": {
      "counts": {
        "current_worse": 18,
        "current_better": 7,
        "both_hall": 18,