{
  "model": "llava-v1.5-7b",
  "method": "dynamic",
  "source_file": "LLaVA/results_l9_l16/coco/llava-v1.5-7b_dynamic_ratio_exp_file_k100_s1.0_q8.0_tau0.90_p1.0_n500_global__itext_all__C_toi_HminusG/captions_eval_results.json",
  "overall_metrics": {
    "CHAIRs": 0.288,
    "CHAIRi": 0.07851934941110487,
    "ObjectPrecision": 0.8534418948926721,
    "ObjectRecall": 0.6949969861362266,
    "ObjectF1": 0.7661129568106312,
    "Bleu": [
      0.2030497592295291,
      0.14101965701361077,
      0.09144741691769746,
      0.05829956241072427
    ],
    "CIDEr": 7.836588845615557e-08,
    "METEOR": 0.20013418406188474
  },
  "notes": "Public dynamic method; development path used dynamic naming."
}
