{
  "current": "results_l9_l16_new/coco/llava-v1.5-7b_late_boost_ratio_exp_file_k100_s1.0_q10.0_tau0.94_p1.0_redirnone_norenorm_latelinear0-128tau0.88_n500_global__itext_all__C_toi_HminusG_signed/captions.jsonl",
  "current_count": 33,
  "current_unique_ids": 33,
  "current_skipped_lines": 0,
  "metrics": {
    "current": {
      "n": 33,
      "CHAIRs": 0.36363636363636365,
      "CHAIRi": 0.09191176470588236,
      "ObjectPrecision": 0.8305084745762712,
      "ObjectRecall": 0.7967479674796748,
      "ObjectF1": 0.8132780082987551,
      "object_pred_total": 118,
      "object_gt_total": 123,
      "skipped_lines": 0
    },
    "base": {
      "n": 33,
      "CHAIRs": 0.45454545454545453,
      "CHAIRi": 0.11038961038961038,
      "ObjectPrecision": 0.8,
      "ObjectRecall": 0.8780487804878049,
      "ObjectF1": 0.8372093023255814,
      "object_pred_total": 135,
      "object_gt_total": 123,
      "skipped_lines": 0
    },
    "late_090_082": {
      "n": 33,
      "CHAIRs": 0.2727272727272727,
      "CHAIRi": 0.08058608058608059,
      "ObjectPrecision": 0.8461538461538461,
      "ObjectRecall": 0.8048780487804879,
      "ObjectF1": 0.8250000000000001,
      "object_pred_total": 117,
      "object_gt_total": 123,
      "skipped_lines": 0
    },
    "late_095_088": {
      "n": 33,
      "CHAIRs": 0.36363636363636365,
      "CHAIRi": 0.09665427509293681,
      "ObjectPrecision": 0.8135593220338984,
      "ObjectRecall": 0.7804878048780488,
      "ObjectF1": 0.7966804979253113,
      "object_pred_total": 118,
      "object_gt_total": 123,
      "skipped_lines": 0
    },
    "dynamic_norenorm": {
      "n": 33,
      "CHAIRs": 0.3333333333333333,
      "CHAIRi": 0.07272727272727272,
      "ObjectPrecision": 0.8547008547008547,
      "ObjectRecall": 0.8130081300813008,
      "ObjectF1": 0.8333333333333333,
      "object_pred_total": 117,
      "object_gt_total": 123,
      "skipped_lines": 0
    },
    "redirvision": {
      "n": 33,
      "CHAIRs": 0.2727272727272727,
      "CHAIRi": 0.08396946564885496,
      "ObjectPrecision": 0.8653846153846154,
      "ObjectRecall": 0.7317073170731707,
      "ObjectF1": 0.7929515418502202,
      "object_pred_total": 104,
      "object_gt_total": 123,
      "skipped_lines": 0
    }
  },
  "pairwise_vs_current": {
    "base": {
      "counts": {
        "current_worse": 3,
        "current_better": 6,
        "both_hall": 9,
        "both_clean": 15
      },
      "ids": {
        "current_worse": [
          359239,
          540642,
          78194
        ],
        "current_better": [
          230008,
          438024,
          378096,
          225225,
          7281,
          85543
        ],
        "both_hall": [
          245447,
          325992,
          320180,
          356424,
          206218,
          525211,
          308555,
          27982,
          51028
        ],
        "both_clean": [
          519055,
          527447,
          153976,
          326317,
          378098,
          74617,
          209782,
          12192,
          482951,
          414236,
          495578,
          109005,
          542423,
          397101,
          532503
        ]
      }
    },
    "late_090_082": {
      "counts": {
        "current_worse": 3,
        "current_better": 0,
        "both_hall": 9,
        "both_clean": 21
      },
      "ids": {
        "current_worse": [
          206218,
          27982,
          78194
        ],
        "current_better": [],
        "both_hall": [
          245447,
          359239,
          325992,
          320180,
          356424,
          525211,
          308555,
          51028,
          540642
        ],
        "both_clean": [
          230008,
          519055,
          527447,
          153976,
          326317,
          378098,
          74617,
          209782,
          438024,
          378096,
          225225,
          7281,
          85543,
          12192,
          482951,
          414236,
          495578,
          109005,
          542423,
          397101,
          532503
        ]
      }
    },
    "late_095_088": {
      "counts": {
        "current_worse": 0,
        "current_better": 0,
        "both_hall": 12,
        "both_clean": 21
      },
      "ids": {
        "current_worse": [],
        "current_better": [],
        "both_hall": [
          245447,
          359239,
          325992,
          320180,
          356424,
          206218,
          525211,
          308555,
          27982,
          51028,
          540642,
          78194
        ],
        "both_clean": [
          230008,
          519055,
          527447,
          153976,
          326317,
          378098,
          74617,
          209782,
          438024,
          378096,
          225225,
          7281,
          85543,
          12192,
          482951,
          414236,
          495578,
          109005,
          542423,
          397101,
          532503
        ]
      }
    },
    "dynamic_norenorm": {
      "counts": {
        "current_worse": 1,
        "current_better": 0,
        "both_hall": 11,
        "both_clean": 21
      },
      "ids": {
        "current_worse": [
          78194
        ],
        "current_better": [],
        "both_hall": [
          245447,
          359239,
          325992,
          320180,
          356424,
          206218,
          525211,
          308555,
          27982,
          51028,
          540642
        ],
        "both_clean": [
          230008,
          519055,
          527447,
          153976,
          326317,
          378098,
          74617,
          209782,
          438024,
          378096,
          225225,
          7281,
          85543,
          12192,
          482951,
          414236,
          495578,
          109005,
          542423,
          397101,
          532503
        ]
      }
    },
    "redirvision": {
      "counts": {
        "current_worse": 5,
        "current_better": 2,
        "both_hall": 7,
        "both_clean": 19
      },
      "ids": {
        "current_worse": [
          359239,
          206218,
          308555,
          27982,
          78194
        ],
        "current_better": [
          519055,
          378096
        ],
        "both_hall": [
          245447,
          325992,
          320180,
          356424,
          525211,
          51028,
          540642
        ],
        "both_clean": [
          230008,
          527447,
          153976,
          326317,
          378098,
          74617,
          209782,
          438024,
          225225,
          7281,
          85543,
          12192,
          482951,
          414236,
          495578,
          109005,
          542423,
          397101,
          532503
        ]
      }
    }
  },
  "trace": {
    "trace_count": 765,
    "sample_count": 34,
    "candidate_heads": {
      "mean": 100.0,
      "median": 100.0,
      "min": 100.0,
      "max": 100.0
    },
    "active_heads": {
      "mean": 82.5437908496732,
      "median": 91.0,
      "min": 21.0,
      "max": 100.0
    },
    "strong_heads": {
      "mean": 57.32941176470588,
      "median": 62.0,
      "min": 1.0,
      "max": 99.0
    },
    "near_zero_heads": {
      "mean": 38.373856209150325,
      "median": 37.0,
      "min": 0.0,
      "max": 91.0
    },
    "mean_suppression": {
      "mean": 0.5847300128960145,
      "median": 0.6215784800052643,
      "min": 0.045175666809082034,
      "max": 0.96969970703125
    },
    "mean_scale": {
      "mean": 0.4152711907679741,
      "median": 0.3784375,
      "min": 0.0302978515625,
      "max": 0.9548193359375
    },
    "mean_ratio": {
      "mean": 0.810690106061549,
      "median": 0.8498095703125,
      "min": 0.46022003173828124,
      "max": 0.9730126953125
    },
    "late_step_ge50": {
      "n": 425,
      "mean_suppression": 0.7480643072801475,
      "mean_active_heads": 94.05176470588235,